new_column,ts_code,trade_date,open,high,low,close,vol
0,HD,2018-09-06,204.59,207.09,203.8,205.89,3490531
1,HD,2018-09-07,205.45,207.23,205.43,206.23,3672696
2,HD,2018-09-10,208.13,211.62,208.13,210.69,5585017
3,HD,2018-09-11,213.0,214.66,211.5,213.85,5969470
4,HD,2018-09-12,214.03,215.43,210.91,211.98,5660075
5,HD,2018-09-13,211.44,211.44,208.7,209.45,4701094
6,HD,2018-09-14,210.19,210.53,207.55,209.07,3622393
7,HD,2018-09-17,209.08,210.04,208.26,208.4,3074720
8,HD,2018-09-18,208.63,211.73,208.16,211.02,4338462
9,HD,2018-09-19,212.0,212.67,210.66,211.68,2579094
10,HD,2018-09-20,211.66,212.61,211.01,211.06,4020776
11,HD,2018-09-21,211.3,212.66,210.51,212.39,9749205
12,HD,2018-09-24,211.52,211.84,207.96,207.99,4623688
13,HD,2018-09-25,208.84,209.3,206.8,207.46,4443309
14,HD,2018-09-26,208.58,209.14,207.23,207.52,2965845
15,HD,2018-09-27,207.5,207.83,205.67,206.84,3218841
16,HD,2018-09-28,206.44,208.85,206.35,207.15,3966222
17,HD,2018-10-01,208.52,209.79,207.37,207.6,3670701
18,HD,2018-10-02,207.49,208.04,204.67,204.75,4428039
19,HD,2018-10-03,206.16,206.46,203.65,203.74,4162453
20,HD,2018-10-04,203.65,203.76,198.27,198.85,5996170
21,HD,2018-10-05,199.07,199.7,194.57,196.38,5016586
22,HD,2018-10-08,196.24,198.66,195.06,198.41,3731816
23,HD,2018-10-09,197.95,199.18,195.58,195.75,4466758
24,HD,2018-10-10,199.11,199.24,193.35,193.7,6157921
25,HD,2018-10-11,193.71,196.67,188.47,189.74,5831416
26,HD,2018-10-12,192.75,193.59,190.16,192.47,5450229
27,HD,2018-10-15,192.36,193.29,190.7,191.17,3642768
28,HD,2018-10-16,191.83,194.08,190.61,193.58,4057412
29,HD,2018-10-17,189.64,190.67,183.98,185.17,8985667
30,HD,2018-10-18,184.26,185.4,179.53,180.44,9261963
31,HD,2018-10-19,180.34,180.99,178.57,179.85,7004297
32,HD,2018-10-22,180.82,181.4,177.56,178.75,4866716
33,HD,2018-10-23,175.77,179.49,175.44,178.53,7004926
34,HD,2018-10-24,178.58,182.37,176.31,176.97,6791655
35,HD,2018-10-25,177.52,180.5,176.83,179.07,5227977
36,HD,2018-10-26,176.88,177.34,170.91,172.23,9472382
37,HD,2018-10-29,173.74,175.99,170.95,173.2,5918379
38,HD,2018-10-30,173.16,176.43,172.64,176.24,5657107
39,HD,2018-10-31,177.98,178.85,175.59,175.88,6339454
40,HD,2018-11-01,176.84,180.86,175.9,180.46,5225343
41,HD,2018-11-02,182.47,183.01,177.39,179.93,4730558
42,HD,2018-11-05,181.02,182.41,179.3,182.19,3885319
43,HD,2018-11-06,181.93,182.65,180.05,182.01,3339037
44,HD,2018-11-07,183.79,187.68,182.06,187.23,4673834
45,HD,2018-11-08,187.13,188.69,185.72,188.0,4054004
46,HD,2018-11-09,188.32,188.48,184.96,185.99,4761172
47,HD,2018-11-12,185.23,186.95,179.02,179.43,7590396
48,HD,2018-11-13,177.3,181.62,172.85,179.0,14274029
49,HD,2018-11-14,182.61,182.9,179.15,179.9,7561076
50,HD,2018-11-15,179.01,179.67,173.61,177.36,8663136
51,HD,2018-11-16,173.99,177.61,173.51,177.02,6834880
52,HD,2018-11-19,176.71,178.88,172.3,173.59,6203443
53,HD,2018-11-20,169.25,172.0,167.0,169.05,8661014
54,HD,2018-11-21,170.0,170.93,169.15,169.3,5752238
55,HD,2018-11-23,169.39,170.33,168.47,168.85,2710983
56,HD,2018-11-26,170.2,172.39,168.87,169.82,6140476
57,HD,2018-11-27,169.11,173.38,168.82,173.22,7084186
58,HD,2018-11-28,172.91,177.65,170.62,177.43,7133627
59,HD,2018-11-29,176.8,177.27,174.92,175.66,4329330
60,HD,2018-11-30,175.75,180.37,175.11,180.32,8942386
61,HD,2018-12-03,183.29,183.5,179.35,181.74,7609902
62,HD,2018-12-04,181.06,182.23,174.55,175.3,7059563
63,HD,2018-12-06,173.5,176.04,170.4551,175.96,7571194
64,HD,2018-12-07,175.35,178.36,172.24,172.79,6226078
65,HD,2018-12-10,173.39,173.99,167.73,171.69,5373771
66,HD,2018-12-11,174.3,175.6,171.24,172.21,5229405
67,HD,2018-12-12,173.75,176.87,172.81,174.21,5912831
68,HD,2018-12-13,174.31,174.91,172.07,173.87,6102173
69,HD,2018-12-14,172.98,175.14,171.95,172.29,4265183
70,HD,2018-12-17,171.51,171.99,166.93,167.97,5631716
71,HD,2018-12-18,168.9,171.95,168.5,170.04,4462210
72,HD,2018-12-19,170.92,174.95,166.77,167.56,6996948
73,HD,2018-12-20,166.28,167.31,162.23,164.16,7675587
74,HD,2018-12-21,162.81,167.96,160.17,160.48,13034103
75,HD,2018-12-24,160.16,161.4,158.09,158.14,4547363
76,HD,2018-12-26,159.46,168.28,159.44,168.28,6141459
77,HD,2018-12-27,166.44,170.46,163.36,170.32,5069251
78,HD,2018-12-28,171.22,173.12,168.6,170.22,4551989
79,HD,2018-12-31,171.47,173.24,170.65,171.82,4206020
80,HD,2019-01-02,169.71,173.18,169.05,172.41,4242898
81,HD,2019-01-03,171.84,171.84,168.21,168.61,4810468
82,HD,2019-01-04,170.18,174.74,169.52,173.62,4762627
83,HD,2019-01-07,173.83,178.18,173.83,177.04,4928789
84,HD,2019-01-08,178.57,179.59,175.61,177.89,4722367
85,HD,2019-01-09,177.87,181.27,177.1,179.73,4922046
86,HD,2019-01-10,178.03,179.24,176.34,179.06,3605294
87,HD,2019-01-11,177.93,180.26,177.12,179.41,3285063
88,HD,2019-01-14,177.59,179.23,176.9,178.81,3871399
89,HD,2019-01-15,176.08,177.82,175.2,176.47,5016065
90,HD,2019-01-16,177.09,177.93,175.86,177.04,4075410
91,HD,2019-01-17,174.01,175.46,172.0,174.87,6499188
92,HD,2019-01-18,176.98,180.04,176.18,179.58,6371422
93,HD,2019-01-22,177.49,178.6,175.36,177.11,6272715
94,HD,2019-01-23,176.59,178.06,174.53,176.89,4910402
95,HD,2019-01-24,177.0,177.53,175.3,177.29,3860309
96,HD,2019-01-25,179.78,180.87,178.61,180.4,4502516
97,HD,2019-01-28,178.97,179.99,177.41,179.83,4091373
98,HD,2019-01-29,178.96,180.15,178.09,179.69,3686877
99,HD,2019-01-30,180.47,184.2,179.78,182.18,5197765
100,HD,2019-01-31,181.5,184.67,181.06,183.53,5138001
101,HD,2019-02-01,184.03,185.15,182.83,184.37,4513184
102,HD,2019-02-04,184.3,186.43,183.84,186.43,3050201
103,HD,2019-02-05,186.89,186.99,184.69,186.39,4135159
104,HD,2019-02-06,186.69,186.69,184.06,184.72,3072472
105,HD,2019-02-07,183.74,184.92,182.45,184.07,2793487
106,HD,2019-02-08,183.05,184.58,182.72,184.54,2792477
107,HD,2019-02-11,185.0,185.42,182.75,182.92,3729222
108,HD,2019-02-12,183.84,186.4,183.52,185.52,3773229
109,HD,2019-02-13,186.3,188.68,185.92,188.41,4147029
110,HD,2019-02-14,187.5,188.93,186.0,187.71,2600831
111,HD,2019-02-15,189.87,192.62,189.05,192.39,4997891
112,HD,2019-02-19,191.71,193.19,191.28,192.33,3828464
113,HD,2019-02-20,192.39,192.4,191.11,191.85,3970075
114,HD,2019-02-21,191.85,192.37,190.61,191.82,3094240
115,HD,2019-02-22,191.69,192.54,191.62,192.39,3321635
116,HD,2019-02-25,192.75,193.42,189.96,189.98,6190665
117,HD,2019-02-26,185.59,188.47,182.8,188.3,13635082
118,HD,2019-02-27,187.9,188.5,183.21,183.67,8766217
119,HD,2019-02-28,183.6,185.19,183.11,185.14,8060552
120,HD,2019-03-01,185.82,186.56,182.86,185.17,5481417
121,HD,2019-03-04,186.2,186.24,182.1,183.81,5046772
122,HD,2019-03-05,184.24,185.12,183.25,184.0,3690994
123,HD,2019-03-06,184.53,184.97,183.84,184.45,4460878
124,HD,2019-03-07,184.39,184.62,181.58,182.51,4122194
125,HD,2019-03-08,181.49,181.91,179.52,181.23,3867055
126,HD,2019-03-11,182.0,183.2,181.2,182.44,3866236
127,HD,2019-03-12,183.43,184.27,182.33,184.0,3776971
128,HD,2019-03-13,183.24,183.78,181.08,181.14,4528250
129,HD,2019-03-14,181.28,181.74,180.5,181.61,4393038
130,HD,2019-03-15,182.3,182.49,179.57,182.23,8059489
131,HD,2019-03-18,182.53,183.48,182.33,183.42,4395846
132,HD,2019-03-19,184.19,185.82,183.48,184.13,4437087
133,HD,2019-03-20,184.3,187.12,183.43,186.1,4772648
134,HD,2019-03-21,185.5,190.0,185.5,189.97,4756126
135,HD,2019-03-22,189.31,192.05,188.67,188.75,5173899
136,HD,2019-03-25,188.75,191.71,188.51,189.68,3845892
137,HD,2019-03-26,190.69,192.19,188.74,189.34,4143254
138,HD,2019-03-27,189.65,191.61,188.39,189.25,4298373
139,HD,2019-03-28,189.91,191.4,189.16,190.06,3326131
140,HD,2019-03-29,190.85,192.04,190.14,191.89,4674122
141,HD,2019-04-01,192.99,195.9,192.85,195.64,5381379
142,HD,2019-04-02,195.5,195.5,194.02,194.31,2717818
143,HD,2019-04-03,194.98,198.79,194.11,198.61,4581479
144,HD,2019-04-04,199.0,200.49,198.02,200.45,3138816
145,HD,2019-04-05,200.86,203.13,200.61,202.06,3615266
146,HD,2019-04-08,201.37,203.79,201.24,203.55,3040935
147,HD,2019-04-09,202.26,202.71,200.46,200.9,3721698
148,HD,2019-04-10,201.26,201.6,198.02,199.43,3587644
149,HD,2019-04-11,199.9,201.5,199.03,201.48,2465415
150,HD,2019-04-12,202.13,204.26,202.13,203.85,3097939
151,HD,2019-04-15,204.16,205.14,203.4,204.86,3049880
152,HD,2019-04-16,205.25,205.99,204.29,204.47,3271592
153,HD,2019-04-17,205.34,206.84,205.32,206.55,3271891
154,HD,2019-04-18,206.02,207.78,205.1,205.66,3162460
155,HD,2019-04-22,204.11,206.25,204.0,204.78,2594207
156,HD,2019-04-23,205.14,207.33,203.43,206.05,3702592
157,HD,2019-04-24,206.16,208.3,205.54,206.72,2750949
158,HD,2019-04-25,206.01,207.72,205.06,206.5,3292133
159,HD,2019-04-26,205.88,206.14,203.34,203.61,3560313
160,HD,2019-04-29,203.31,203.8,200.34,202.16,3785216
161,HD,2019-04-30,201.55,203.75,200.79,203.7,3415616
162,HD,2019-05-01,203.2,203.52,198.66,198.8,4644666
163,HD,2019-05-02,199.3,201.06,198.8,201.01,2810109
164,HD,2019-05-03,202.0,202.31,200.32,200.56,3583835
165,HD,2019-05-06,198.74,199.93,198.31,199.63,2619675
166,HD,2019-05-07,196.75,197.65,192.96,194.77,4622108
167,HD,2019-05-08,194.49,196.61,193.68,195.17,3122569
168,HD,2019-05-09,193.31,195.08,191.59,194.58,2917943
169,HD,2019-05-10,193.21,195.49,190.01,194.58,3863576
170,HD,2019-05-13,191.0,191.66,189.14,190.34,3326028
171,HD,2019-05-14,190.5,192.76,190.01,191.62,3663632
172,HD,2019-05-15,190.81,192.81,190.27,191.76,3355797
173,HD,2019-05-16,192.47,194.96,192.2,192.38,3853985
174,HD,2019-05-17,190.86,194.5,190.75,192.58,5223777
175,HD,2019-05-20,191.13,192.86,190.61,190.95,4782752
176,HD,2019-05-21,187.13,192.52,186.34,191.45,8555840
177,HD,2019-05-22,190.49,192.22,188.05,188.91,5706339
178,HD,2019-05-23,188.45,192.54,186.27,192.0,7754163
179,HD,2019-05-24,192.54,193.86,190.41,193.59,3799486
180,HD,2019-05-28,194.38,196.47,191.35,191.55,5165764
181,HD,2019-05-29,190.28,191.88,188.03,189.99,4569945
182,HD,2019-05-30,190.13,192.5,190.09,191.08,3029849
183,HD,2019-05-31,189.64,190.29,188.66,189.85,3681598
184,HD,2019-06-03,189.52,191.87,188.75,189.57,4620379
185,HD,2019-06-04,191.58,195.5,191.42,195.25,5118128
186,HD,2019-06-05,194.01,196.72,193.08,196.69,3704587
187,HD,2019-06-06,196.65,197.65,194.96,197.17,3732940
188,HD,2019-06-07,197.2,199.02,196.21,197.3,3522396
189,HD,2019-06-10,198.56,199.85,197.32,198.05,3154460
190,HD,2019-06-11,199.02,200.84,195.84,198.01,3708474
191,HD,2019-06-12,198.81,200.19,197.98,198.94,2551590
192,HD,2019-06-13,199.95,202.68,199.45,202.35,3631270
193,HD,2019-06-14,201.31,206.5,201.31,205.77,4898440
194,HD,2019-06-17,207.0,208.79,206.0,206.98,4620500
195,HD,2019-06-18,208.1,210.17,207.11,207.48,3891295
196,HD,2019-06-19,207.9,208.48,205.9,207.94,3648435
197,HD,2019-06-20,209.57,211.66,209.31,211.25,5171454
198,HD,2019-06-21,211.26,211.99,209.08,209.39,9854979
199,HD,2019-06-24,208.15,209.26,205.12,205.5,4943452
200,HD,2019-06-25,206.3,207.1,204.2,204.74,3588178
201,HD,2019-06-26,205.34,207.32,204.65,206.42,3071224
202,HD,2019-06-27,207.61,208.0,206.01,207.02,2286764
203,HD,2019-06-28,207.77,209.0,207.39,207.97,11068972
204,HD,2019-07-01,209.7,212.31,208.17,210.28,4100105
205,HD,2019-07-02,210.24,210.26,208.46,210.14,3160610
206,HD,2019-07-03,209.82,212.75,209.7,212.1,2183742
207,HD,2019-07-05,209.97,212.17,209.73,211.46,2547864
208,HD,2019-07-08,210.98,213.44,210.59,212.91,2705327
209,HD,2019-07-09,211.93,213.33,211.2,212.0,2397527
210,HD,2019-07-10,210.72,211.32,208.83,210.75,3457376
211,HD,2019-07-11,212.25,214.08,211.02,214.04,3450056
212,HD,2019-07-12,215.0,218.25,214.61,218.23,4429826
213,HD,2019-07-15,218.95,219.3,216.81,218.7,3141289
214,HD,2019-07-16,217.3,218.35,216.73,217.26,2657421
215,HD,2019-07-17,216.73,217.58,215.61,215.61,3037577
216,HD,2019-07-18,215.5,216.23,213.01,214.44,3069619
217,HD,2019-07-19,214.67,215.23,212.93,213.04,3255033
218,HD,2019-07-22,213.0,213.26,210.38,211.27,2765719
219,HD,2019-07-23,212.57,214.13,211.73,213.08,2590137
220,HD,2019-07-24,213.19,214.79,213.07,214.71,2207164
221,HD,2019-07-25,214.28,215.92,213.63,215.55,2335396
222,HD,2019-07-26,215.53,217.21,214.1,216.91,2675559
223,HD,2019-07-29,216.79,218.27,216.35,218.04,2407248
224,HD,2019-07-30,217.52,218.59,216.86,217.36,2172571
225,HD,2019-07-31,216.35,217.8,212.17,213.69,3426412
226,HD,2019-08-01,214.14,217.61,212.02,212.83,3431473
227,HD,2019-08-02,211.86,213.14,211.08,212.15,2884886
228,HD,2019-08-05,209.53,209.96,204.08,204.94,4553198
229,HD,2019-08-06,205.01,209.09,204.5,208.8,3646800
230,HD,2019-08-07,206.04,208.5,203.13,207.91,3901105
231,HD,2019-08-08,209.7,211.69,208.72,211.57,2968173
232,HD,2019-08-09,211.45,212.41,207.95,210.02,2912078
233,HD,2019-08-12,208.1,209.64,206.15,207.01,1782600
234,HD,2019-08-13,206.31,211.62,204.78,208.33,3906289
235,HD,2019-08-14,204.46,205.36,201.51,201.59,4582123
236,HD,2019-08-15,203.0,203.76,199.05,201.79,4199748
237,HD,2019-08-16,203.75,204.43,201.67,203.65,4093594
238,HD,2019-08-19,206.98,208.82,205.3,207.95,6413591
239,HD,2019-08-20,213.5,217.85,212.17,217.09,12455056
240,HD,2019-08-21,218.73,220.88,216.76,220.4,7940577
241,HD,2019-08-22,220.05,222.66,219.88,221.02,4545216
242,HD,2019-08-23,219.9,220.87,216.01,217.47,5770379
243,HD,2019-08-26,218.46,219.5,216.18,218.65,3680273
244,HD,2019-08-27,219.55,220.41,217.91,218.21,4313269
245,HD,2019-08-28,217.88,222.09,217.11,221.95,3066447
246,HD,2019-08-29,223.9,227.7,223.76,227.32,4184912
247,HD,2019-08-30,228.43,229.27,226.69,227.91,3767550
248,HD,2019-09-03,226.45,227.63,223.38,224.07,4139280
249,HD,2019-09-04,223.95,224.15,220.67,224.15,3132905
250,HD,2019-09-05,226.3,228.78,226.25,228.15,3372957
251,HD,2019-09-06,228.7,231.37,227.88,231.13,3237358
252,HD,2019-09-09,231.5,233.87,230.08,232.87,4448059
253,HD,2019-09-10,232.25,233.02,229.71,233.0,4210612
254,HD,2019-09-11,232.93,233.68,231.02,232.66,2975929
255,HD,2019-09-12,233.42,235.49,233.11,233.8,3365437
256,HD,2019-09-13,234.33,234.97,232.33,233.98,3805163
257,HD,2019-09-16,232.73,233.61,230.61,230.99,3120042
258,HD,2019-09-17,226.79,230.33,226.47,230.21,3805332
259,HD,2019-09-18,230.37,231.53,229.01,230.83,3423006
260,HD,2019-09-19,231.15,231.4,227.95,228.12,3254554
261,HD,2019-09-20,227.99,230.05,224.23,224.67,7793539
262,HD,2019-09-23,224.16,227.14,223.95,226.25,2955317
263,HD,2019-09-24,228.14,230.24,224.78,225.41,4517621
264,HD,2019-09-25,226.59,228.45,224.5,228.1,3818671
265,HD,2019-09-26,229.68,231.12,229.0,229.79,4382884
266,HD,2019-09-27,231.61,231.75,229.13,229.86,3152003
267,HD,2019-09-30,230.19,232.59,230.12,232.02,3258357
268,HD,2019-10-01,233.01,234.51,230.72,231.08,3529307
269,HD,2019-10-02,230.6,230.6,224.34,225.55,4370084
270,HD,2019-10-03,225.0,226.81,222.12,226.81,2946623
271,HD,2019-10-04,227.17,229.21,227.02,227.93,3188644
272,HD,2019-10-07,227.51,228.13,226.05,226.74,2967658
273,HD,2019-10-08,225.36,228.78,225.1,226.67,3567465
274,HD,2019-10-09,228.5,229.56,226.61,228.94,2671434
275,HD,2019-10-10,229.34,232.24,229.08,231.61,3024637
276,HD,2019-10-11,234.32,236.7,233.76,234.66,3478971
277,HD,2019-10-14,234.22,235.49,234.06,234.18,2536009
278,HD,2019-10-15,234.69,236.86,234.6,235.62,2667146
279,HD,2019-10-16,235.42,236.17,233.84,235.9,2389266
280,HD,2019-10-17,236.36,238.17,235.51,236.77,2296853
281,HD,2019-10-18,236.99,238.73,235.64,237.93,3662526
282,HD,2019-10-21,238.26,238.99,235.61,236.7,2079607
283,HD,2019-10-22,237.3,238.3,236.52,237.2,2022890
284,HD,2019-10-23,236.66,237.41,234.36,234.67,2138008
285,HD,2019-10-24,234.81,236.37,233.07,233.89,2183944
286,HD,2019-10-25,233.49,235.42,232.55,234.38,2210678
287,HD,2019-10-28,234.95,236.96,234.56,236.8,2704763
288,HD,2019-10-29,236.84,237.5,233.92,234.14,2557774
289,HD,2019-10-30,233.51,236.6,232.88,236.24,1956359
290,HD,2019-10-31,236.86,237.39,233.22,234.58,2824071
291,HD,2019-11-01,236.07,237.45,235.06,237.34,2196353
292,HD,2019-11-04,238.27,238.39,233.88,234.92,2541885
293,HD,2019-11-05,234.74,234.92,230.27,232.2,3622651
294,HD,2019-11-06,232.83,234.04,231.89,234.01,2631919
295,HD,2019-11-07,234.0,235.79,231.76,232.94,2832532
296,HD,2019-11-08,232.8,233.26,231.63,232.84,2088326
297,HD,2019-11-11,230.5,232.28,230.18,231.8,2309626
298,HD,2019-11-12,232.15,234.63,232.0,233.12,2991071
299,HD,2019-11-13,232.09,234.9,230.85,234.8,2624808
300,HD,2019-11-14,235.0,236.94,234.04,236.55,2281982
301,HD,2019-11-15,237.69,238.05,236.36,237.29,3524498
302,HD,2019-11-18,238.44,239.31,236.76,238.85,5743057
303,HD,2019-11-19,230.6,233.12,225.4,225.86,14970938
304,HD,2019-11-20,224.55,225.0,220.57,220.9,10222597
305,HD,2019-11-21,221.94,222.31,218.5,218.54,7746834
306,HD,2019-11-22,218.5,219.13,217.81,218.03,5774668
307,HD,2019-11-25,218.0,218.53,216.88,218.4,8865168
308,HD,2019-11-26,218.76,220.96,218.39,220.76,9978289
309,HD,2019-11-27,221.68,223.45,220.66,223.0,6687239
310,HD,2019-11-29,223.3,223.33,220.29,220.51,2952948
311,HD,2019-12-02,220.9,221.19,217.46,217.62,4415188
312,HD,2019-12-03,216.45,216.45,212.93,214.0,6727179
313,HD,2019-12-04,213.5,214.96,213.19,214.1,4256166
314,HD,2019-12-05,214.36,214.5,211.77,213.0,4580258
315,HD,2019-12-06,214.21,215.36,213.9,214.28,4193676
316,HD,2019-12-09,214.29,217.88,214.18,216.53,5111010
317,HD,2019-12-10,216.52,216.69,215.1,215.9,4663030
318,HD,2019-12-11,211.03,213.65,210.61,212.0,8261269
319,HD,2019-12-12,212.5,214.13,210.73,212.04,9914745
320,HD,2019-12-13,212.12,214.23,210.67,214.08,6869200
321,HD,2019-12-16,214.43,216.72,214.3,215.53,5849802
322,HD,2019-12-17,216.02,219.45,215.87,217.72,7573540
323,HD,2019-12-18,218.21,219.59,217.64,218.0,6478293
324,HD,2019-12-19,218.48,220.77,218.28,220.22,5404442
325,HD,2019-12-20,220.59,221.57,219.8,221.19,7778048
326,HD,2019-12-23,222.0,222.0,219.14,219.21,3943513
327,HD,2019-12-24,219.5,221.04,219.22,220.67,2260656
328,HD,2019-12-26,220.74,221.15,219.59,220.82,2648746
329,HD,2019-12-27,221.2,221.79,219.78,219.97,3082824
330,HD,2019-12-30,220.37,220.49,216.55,217.31,3952265
331,HD,2019-12-31,217.1,218.51,216.44,218.38,3789945
332,HD,2020-01-02,219.08,219.76,217.84,219.66,3935698
333,HD,2020-01-03,217.14,219.68,216.75,218.93,3423202
334,HD,2020-01-06,216.49,220.0,216.4,219.96,5679889
335,HD,2020-01-07,219.5,220.56,216.9,218.52,5685960
336,HD,2020-01-08,218.8,222.97,218.67,221.79,4915627
337,HD,2020-01-09,222.64,225.55,221.85,225.19,4843482
338,HD,2020-01-10,224.75,225.49,223.03,224.22,4226615
339,HD,2020-01-13,224.5,224.51,222.68,223.34,6060844
340,HD,2020-01-14,222.48,224.95,222.31,222.81,3915031
341,HD,2020-01-15,222.28,224.98,222.13,224.59,3441455
342,HD,2020-01-16,225.93,228.86,225.4,228.82,5383598
343,HD,2020-01-17,229.61,232.6,228.91,231.91,7979018
344,HD,2020-01-21,231.53,233.66,231.06,232.95,4872355
345,HD,2020-01-22,233.79,236.53,232.88,232.9,4030174
346,HD,2020-01-23,232.13,234.82,230.64,233.65,4617854
347,HD,2020-01-24,234.46,235.43,230.56,232.0,4467479
348,HD,2020-01-27,228.2,232.47,228.2,231.19,3595449
349,HD,2020-01-28,231.82,235.25,231.35,233.86,3621594
350,HD,2020-01-29,234.9,235.88,233.4,234.02,2563996
351,HD,2020-01-30,232.0,233.3,231.57,232.79,4684934
352,HD,2020-01-31,232.96,233.23,227.89,228.1,5303673
353,HD,2020-02-03,230.3,233.53,229.35,231.54,5100944
354,HD,2020-02-04,234.03,236.36,234.03,235.0,3503743
355,HD,2020-02-05,237.1,238.32,235.86,238.11,3868548
356,HD,2020-02-06,238.0,239.41,237.48,238.84,3930271
357,HD,2020-02-07,238.84,239.53,236.52,237.3,2456067
358,HD,2020-02-10,236.6,240.61,236.18,240.61,2567670
359,HD,2020-02-11,240.61,242.45,240.2,241.64,2692367
360,HD,2020-02-12,242.13,242.3,238.84,241.59,3591155
361,HD,2020-02-13,240.97,243.6,240.4,242.36,2468126
362,HD,2020-02-14,243.44,245.2,242.63,245.03,2840208
363,HD,2020-02-18,244.84,246.11,243.16,243.94,2892579
364,HD,2020-02-19,244.91,245.5,243.01,243.64,2712025
365,HD,2020-02-20,243.69,247.12,242.15,247.02,3700448
366,HD,2020-02-21,246.5,247.36,244.0,245.34,3878893
367,HD,2020-02-24,238.48,243.11,237.7,239.7,5346183
368,HD,2020-02-25,246.1,246.97,236.48,237.38,8054286
369,HD,2020-02-26,239.1,241.04,234.32,235.28,6962833
370,HD,2020-02-27,231.07,234.82,224.57,224.73,7609380
371,HD,2020-02-28,218.63,221.06,212.33,217.84,11809495
372,HD,2020-03-02,219.98,230.0,218.49,229.94,7147605
373,HD,2020-03-03,230.03,235.82,225.57,227.94,8431298
374,HD,2020-03-04,233.01,241.32,231.8,241.08,6768549
375,HD,2020-03-05,236.6,239.61,233.15,234.81,6471781
376,HD,2020-03-06,227.57,230.29,222.25,228.51,7399640
377,HD,2020-03-09,213.87,216.18,207.25,210.46,10107296
378,HD,2020-03-10,217.21,225.83,211.0,225.7,7200063
379,HD,2020-03-11,217.3,219.15,210.5,212.89,7092111
380,HD,2020-03-12,195.41,206.58,184.84,190.59,10912964
381,HD,2020-03-13,200.45,205.82,190.0,205.67,10286818
382,HD,2020-03-16,181.97,186.1,163.11,164.96,12495130
383,HD,2020-03-17,168.21,174.78,155.3,173.64,16228254
384,HD,2020-03-18,159.8,162.33,140.63,155.63,14652037
385,HD,2020-03-19,153.16,162.91,142.0,161.13,13494407
386,HD,2020-03-20,162.78,170.22,151.81,152.15,12596894
387,HD,2020-03-23,150.06,164.93,146.34,162.39,12230768
388,HD,2020-03-24,173.39,185.67,172.01,184.72,14665006
389,HD,2020-03-25,184.42,191.55,180.0,181.76,11493750
390,HD,2020-03-26,183.49,198.2,182.5,195.21,10169884
391,HD,2020-03-27,188.49,196.38,186.5,190.55,7119380
392,HD,2020-03-30,190.57,198.2,187.61,196.1,6936189
393,HD,2020-03-31,194.8,195.49,185.45,186.71,7333680
394,HD,2020-04-01,175.91,182.76,175.0,178.63,7855902
395,HD,2020-04-02,174.95,182.72,174.0,181.31,6048827
396,HD,2020-04-03,179.56,181.35,174.94,178.7,7298938
397,HD,2020-04-06,188.0,192.41,185.13,191.33,7447335
398,HD,2020-04-07,202.92,204.11,191.85,192.29,6435094
399,HD,2020-04-08,194.21,196.77,191.54,194.82,6092884
400,HD,2020-04-09,199.8,205.99,196.5,201.53,7125052
401,HD,2020-04-13,200.45,200.45,195.37,198.79,4413201
402,HD,2020-04-14,201.88,209.73,200.13,207.17,5650956
403,HD,2020-04-15,198.67,202.24,196.61,198.48,5687221
404,HD,2020-04-16,199.12,202.21,196.82,199.85,7245375
405,HD,2020-04-17,207.17,210.25,206.16,209.42,6716035
406,HD,2020-04-20,206.13,211.03,205.36,206.05,4750179
407,HD,2020-04-21,200.75,204.34,199.51,200.61,4843294
408,HD,2020-04-22,201.89,205.71,201.14,204.17,4067484
409,HD,2020-04-23,203.32,206.97,202.19,202.32,3561333
410,HD,2020-04-24,204.73,212.93,203.85,212.18,5025152
411,HD,2020-04-27,215.04,220.94,214.01,217.76,5470954
412,HD,2020-04-28,223.99,224.22,216.91,217.63,5077886
413,HD,2020-04-29,221.34,224.17,219.82,221.81,4375037
414,HD,2020-04-30,216.79,222.11,216.52,219.83,5147859
415,HD,2020-05-01,216.77,219.7,215.77,218.57,3818384
416,HD,2020-05-04,216.68,222.66,215.21,221.84,4074247
417,HD,2020-05-05,224.94,228.85,223.61,225.61,4647952
418,HD,2020-05-06,227.37,228.44,223.8,223.92,3311188
419,HD,2020-05-07,226.51,231.63,226.42,229.45,4500971
420,HD,2020-05-08,232.7,235.55,231.15,234.43,4364940
421,HD,2020-05-11,231.77,238.77,231.25,236.56,4375326
422,HD,2020-05-12,238.57,239.25,232.9,232.9,4394133
423,HD,2020-05-13,233.04,236.3,228.54,230.1,6233439
424,HD,2020-05-14,226.37,234.66,226.2,234.48,6431275
425,HD,2020-05-15,232.79,243.23,232.7,239.33,16172476
426,HD,2020-05-18,245.84,248.32,244.04,245.35,8314413
427,HD,2020-05-19,240.45,242.46,237.8,238.1,9380042
428,HD,2020-05-20,242.0,242.27,234.95,238.19,7532303
429,HD,2020-05-21,237.62,241.18,235.79,240.88,4794254
430,HD,2020-05-22,240.7,242.34,238.66,241.88,3041253
431,HD,2020-05-26,248.15,248.22,242.07,242.48,4533878
432,HD,2020-05-27,242.69,247.39,240.78,247.36,4663279
433,HD,2020-05-28,249.52,252.23,244.43,245.14,5258905
434,HD,2020-05-29,245.06,249.71,244.73,248.48,5341463
435,HD,2020-06-01,249.41,249.78,245.87,247.29,3407037
436,HD,2020-06-02,248.63,252.72,247.0,252.71,5298976
437,HD,2020-06-03,251.8,252.83,250.39,251.0,4635602
438,HD,2020-06-04,249.77,252.17,247.47,248.95,4756241
439,HD,2020-06-05,252.34,255.85,250.38,254.9,5052994
440,HD,2020-06-08,252.49,256.81,252.26,256.77,3809737
441,HD,2020-06-09,255.33,258.29,253.86,256.76,3715562
442,HD,2020-06-10,257.45,259.29,254.22,254.45,3550444
443,HD,2020-06-11,248.86,250.62,238.74,239.47,6557277
444,HD,2020-06-12,243.07,246.39,237.05,242.45,5237248
445,HD,2020-06-15,237.62,242.22,234.31,241.36,6250209
446,HD,2020-06-16,249.4,251.65,242.87,249.95,5291506
447,HD,2020-06-17,252.77,254.62,250.08,250.85,4232366
448,HD,2020-06-18,249.36,251.75,247.13,249.21,3344278
449,HD,2020-06-19,253.1,254.3,246.38,246.65,11113460
450,HD,2020-06-22,245.7,250.06,245.51,249.16,3810556
451,HD,2020-06-23,253.0,253.44,250.13,250.31,3101037
452,HD,2020-06-24,247.81,250.29,242.73,246.13,3870650
453,HD,2020-06-25,244.8,246.35,242.2,245.38,2936752
454,HD,2020-06-26,245.35,246.1,240.25,241.01,4998294
455,HD,2020-06-29,242.66,246.5,240.3401,246.12,3468293
456,HD,2020-06-30,247.0,251.65,246.09,250.51,4523479
457,HD,2020-07-01,249.65,250.33,246.93,248.15,3678259
458,HD,2020-07-02,251.94,252.3,247.92,248.5,3368678
459,HD,2020-07-06,250.27,251.5,247.04,249.55,3131189
460,HD,2020-07-07,247.37,250.78,247.07,247.35,2927220
461,HD,2020-07-08,247.87,249.79,246.22,249.17,2291574
462,HD,2020-07-09,249.66,250.51,246.35,247.96,2993172
463,HD,2020-07-10,248.29,250.33,246.64,250.11,2744751
464,HD,2020-07-13,251.92,257.86,249.09,249.62,4435370
465,HD,2020-07-14,249.0,258.18,248.46,257.79,4619477
466,HD,2020-07-15,260.14,261.29,255.15,257.8,4341924
467,HD,2020-07-16,256.76,260.5,256.0,258.08,2510569
468,HD,2020-07-17,260.03,260.65,257.72,260.38,3091263
469,HD,2020-07-20,259.04,261.2,258.02,260.17,2449024
470,HD,2020-07-21,261.62,263.87,260.72,262.42,2439923
471,HD,2020-07-22,262.59,265.59,262.0,265.17,2749966
472,HD,2020-07-23,267.8,267.8,261.8,263.81,2680102
473,HD,2020-07-24,265.04,266.89,262.99,265.31,2984507
474,HD,2020-07-27,265.09,268.68,265.09,267.42,2412476
475,HD,2020-07-28,268.56,269.07,264.6694,265.28,2226974
476,HD,2020-07-29,264.8,267.105,264.17,264.66,2874097
477,HD,2020-07-30,263.34,267.345,261.55,266.31,2347799
478,HD,2020-07-31,265.0,267.17,260.61,265.49,3640388
479,HD,2020-08-03,266.73,268.58,265.67,266.18,2364447
480,HD,2020-08-04,266.63,267.89,263.84,267.87,2223957
481,HD,2020-08-05,268.39,268.39,265.89,267.48,1963860
482,HD,2020-08-06,266.6,270.44,266.53,269.37,2203428
483,HD,2020-08-07,270.61,274.9199,269.81,271.64,2846290
484,HD,2020-08-10,272.42,275.0,271.795,274.73,2393112
485,HD,2020-08-11,277.69,279.37,274.41,274.92,3321260
486,HD,2020-08-12,279.75,282.9673,276.96,281.58,3869967
487,HD,2020-08-13,281.16,282.655,279.74,281.66,2202427
488,HD,2020-08-14,281.14,282.0,279.19,280.55,2490422
489,HD,2020-08-17,284.4,289.2172,283.57,288.24,5402936
490,HD,2020-08-18,288.9,290.58,283.04,285.0,6934290
491,HD,2020-08-19,287.46,287.97,281.93,282.86,4986759
492,HD,2020-08-20,280.535,281.91,279.4351,280.68,3529991
493,HD,2020-08-21,279.97,283.55,278.42,283.23,5504045
494,HD,2020-08-24,284.99,286.85,281.9223,286.75,4430864
495,HD,2020-08-25,287.27,287.48,283.885,286.13,2854466
496,HD,2020-08-26,287.73,292.12,286.275,291.93,4001938
497,HD,2020-08-27,292.22,292.95,286.56,288.63,3430926
498,HD,2020-08-28,288.31,288.83,284.77,286.29,3100102
499,HD,2020-08-31,285.0,286.69,282.87,285.04,4105437
500,HD,2020-09-01,284.03,286.68,283.5,285.94,3238088
501,HD,2020-09-02,284.85,288.04,283.6,287.2,3464637
502,HD,2020-09-03,287.3,287.7,272.17,274.63,5380082
503,HD,2020-09-04,275.55,276.77,264.6727,269.66,5253456
504,HD,2020-09-08,267.11,271.04,262.81,269.26,5241197
505,HD,2020-09-09,272.46,279.74,271.75,277.04,4754651
506,HD,2020-09-10,278.01,280.98,271.17,272.7,3156250
507,HD,2020-09-11,273.98,277.98,273.46,276.33,3729223
508,HD,2020-09-14,278.55,282.46,278.015,280.65,3055846
509,HD,2020-09-15,283.04,286.7,282.38,285.58,4174935
510,HD,2020-09-16,285.61,286.58,280.6801,281.63,3380045
511,HD,2020-09-17,277.91,282.72,276.96,279.96,3166910
512,HD,2020-09-18,278.41,279.835,270.81,275.19,6072932
513,HD,2020-09-21,271.87,272.8999,266.53,272.35,3547977
514,HD,2020-09-22,271.68,273.52,270.63,273.31,2972025
515,HD,2020-09-23,275.42,276.62,264.685,266.55,4467612
516,HD,2020-09-24,265.71,269.7,263.8801,265.7,3095558
517,HD,2020-09-25,264.19,270.15,263.9194,268.55,2457922
518,HD,2020-09-28,271.93,274.22,270.3,272.33,3061079
519,HD,2020-09-29,273.4,273.8415,271.1138,272.11,2049239
520,HD,2020-09-30,273.48,279.915,272.52,277.71,4779076
521,HD,2020-10-01,279.44,280.0,275.85,277.62,2696923
522,HD,2020-10-02,274.94,281.08,274.1032,279.31,2943577
523,HD,2020-10-05,280.92,282.42,279.7,282.1,2330743
524,HD,2020-10-06,282.5,283.0,275.77,276.47,2992517
525,HD,2020-10-07,280.85,284.0,280.0,282.79,3423651
526,HD,2020-10-08,283.84,284.95,281.1707,284.52,2256215
527,HD,2020-10-09,285.47,287.28,284.09,285.92,2240096
528,HD,2020-10-12,287.39,288.33,286.06,286.91,2411899
529,HD,2020-10-13,285.7,290.77,285.7,290.36,2699882
530,HD,2020-10-14,289.51,290.3,285.15,287.09,2221184
531,HD,2020-10-15,284.12,290.25,283.12,287.54,2700137
532,HD,2020-10-16,288.25,292.655,287.25,287.66,3109401
533,HD,2020-10-19,289.76,290.11,283.38,283.73,2428441
534,HD,2020-10-20,285.14,289.79,284.13,286.04,2281770
535,HD,2020-10-21,285.39,288.0187,283.28,284.51,2304473
536,HD,2020-10-22,283.93,285.68,280.65,281.16,2787332
537,HD,2020-10-23,282.38,283.19,279.55,283.0,1750747
538,HD,2020-10-26,279.64,281.5299,272.0,276.04,2911876
539,HD,2020-10-27,276.99,279.73,276.1157,276.84,3014280
540,HD,2020-10-28,270.25,273.6696,268.6901,269.72,3255851
541,HD,2020-10-29,269.69,273.7,267.3119,269.63,2872501
542,HD,2020-10-30,268.82,269.62,262.03,266.71,3874571
543,HD,2020-11-02,270.15,274.78,268.52,270.74,2956798
544,HD,2020-11-03,274.85,279.53,273.72,277.37,3037485
545,HD,2020-11-04,276.76,287.04,276.01,282.72,3525318
546,HD,2020-11-05,288.35,288.998,284.08,285.85,2516570
547,HD,2020-11-06,286.73,286.7799,282.85,284.24,2839134
548,HD,2020-11-09,287.98,288.42,269.47,269.97,7856419
549,HD,2020-11-10,272.785,275.79,269.25,275.57,4828522
550,HD,2020-11-11,277.32,281.69,276.1701,277.75,2987878
551,HD,2020-11-12,283.0,283.6943,273.84,276.24,3820310
552,HD,2020-11-13,276.42,279.73,275.26,277.17,3941687
553,HD,2020-11-16,279.18,281.29,276.4,279.57,5360160
554,HD,2020-11-17,272.1,273.529,269.4001,272.47,8532219
555,HD,2020-11-18,270.5,275.38,269.0,269.83,5122219
556,HD,2020-11-19,270.42,272.38,268.7,270.93,3929422
557,HD,2020-11-20,271.45,272.37,268.87,269.81,4112543
558,HD,2020-11-23,270.01,273.689,269.55,271.4,3294219
559,HD,2020-11-24,274.0,275.545,272.57,273.31,4742387
560,HD,2020-11-25,273.48,274.74,271.212,273.96,3001748
561,HD,2020-11-27,275.24,276.58,274.36,275.99,1625328
562,HD,2020-11-30,275.22,277.76,271.92,277.41,4624131
563,HD,2020-12-01,278.73,278.95,275.55,276.6,3792148
564,HD,2020-12-02,273.97,274.11,269.57,271.1,4168645
565,HD,2020-12-03,270.63,271.93,267.14,268.14,4168929
566,HD,2020-12-04,267.47,268.73,262.82,263.99,7732829
567,HD,2020-12-07,263.5,264.5,261.0,262.64,6378989
568,HD,2020-12-08,261.72,262.5,258.73,261.72,5338142
569,HD,2020-12-09,264.61,265.7708,262.25,265.58,4550125
570,HD,2020-12-10,264.08,266.07,262.11,264.81,4234320
571,HD,2020-12-11,263.36,265.3618,262.646,264.55,3454512
572,HD,2020-12-14,266.14,268.5999,265.27,265.58,4576775
573,HD,2020-12-15,267.51,268.7628,266.2,267.98,3756037
574,HD,2020-12-16,268.53,270.75,267.51,269.59,4669578
575,HD,2020-12-17,272.16,274.33,271.3,273.97,4247048
576,HD,2020-12-18,274.59,275.74,270.3,270.45,9817032
577,HD,2020-12-21,268.56,271.95,265.88,270.99,4339037
578,HD,2020-12-22,270.06,271.36,268.51,270.04,3143451
579,HD,2020-12-23,270.06,271.0,268.2,269.81,2337149
580,HD,2020-12-24,269.44,271.36,269.4,270.92,1093947
581,HD,2020-12-28,272.17,272.25,269.24,269.25,2596103
582,HD,2020-12-29,269.98,270.46,265.07,266.19,2572074
583,HD,2020-12-30,266.11,267.3,264.92,265.26,2511385
584,HD,2020-12-31,265.57,265.95,263.58,265.62,2608139
585,HD,2021-01-04,266.01,266.4446,261.06,263.92,5001983
586,HD,2021-01-05,262.66,266.53,262.26,266.05,3822639
587,HD,2021-01-06,264.06,269.77,261.87,267.57,3949198
588,HD,2021-01-07,266.95,268.783,266.17,266.26,3833249
589,HD,2021-01-08,267.35,270.7325,267.0,269.09,3757709
590,HD,2021-01-11,267.47,273.37,267.26,271.23,3765227
591,HD,2021-01-12,271.11,277.939,270.655,276.33,4023541
592,HD,2021-01-13,278.31,280.48,273.94,274.05,3921418
593,HD,2021-01-14,274.5,274.895,267.67,268.34,4641421
594,HD,2021-01-15,268.63,276.39,268.0,275.59,5131741
595,HD,2021-01-19,278.0,278.0,273.02,273.19,3615794
596,HD,2021-01-20,273.25,277.21,271.5,274.3,3498412
597,HD,2021-01-21,276.22,280.7,275.67,279.05,4401230
598,HD,2021-01-22,279.26,285.08,277.87,284.0,4501941
599,HD,2021-01-25,283.85,285.77,281.42,285.08,4025905
600,HD,2021-01-26,285.42,285.65,281.695,282.6,2472211
601,HD,2021-01-27,279.99,280.8099,273.08,274.05,4336987
602,HD,2021-01-28,276.17,282.96,274.93,278.05,3462967
603,HD,2021-01-29,275.81,277.06,270.03,270.82,4079485
604,HD,2021-02-01,271.23,272.65,267.2533,270.07,3707825
605,HD,2021-02-02,270.0,275.69,269.99,272.16,4028972
606,HD,2021-02-03,271.89,275.72,270.715,274.17,2802674
607,HD,2021-02-04,274.25,279.44,274.25,278.82,2975976
608,HD,2021-02-05,280.29,281.7599,277.81,278.86,2389915
609,HD,2021-02-08,279.69,280.4194,276.8895,280.03,3475827
610,HD,2021-02-09,279.66,280.2,276.62,276.77,2479796
611,HD,2021-02-10,278.03,278.93,276.25,278.69,2399284
612,HD,2021-02-11,277.93,280.25,276.01,277.06,2595287
613,HD,2021-02-12,277.12,278.71,276.58,277.51,2392184
614,HD,2021-02-16,277.01,278.63,274.88,275.39,2873454
615,HD,2021-02-17,275.54,281.79,275.4,280.92,3528500
616,HD,2021-02-18,280.8,284.68,279.83,283.05,3531964
617,HD,2021-02-19,282.87,283.91,279.44,279.64,4079946
618,HD,2021-02-22,278.21,278.49,273.63,275.85,3950996
619,HD,2021-02-23,269.38,269.67,257.58,267.24,12111045
620,HD,2021-02-24,263.23,266.99,254.03,259.97,14512744
621,HD,2021-02-25,259.75,260.9,254.71,255.25,6526762
622,HD,2021-02-26,257.77,260.24,256.1105,258.34,7844158
623,HD,2021-03-01,258.81,262.48,258.4739,261.62,4530280
624,HD,2021-03-02,261.68,263.1099,259.7701,260.29,3740283
625,HD,2021-03-03,259.28,260.5,256.01,257.36,4257543
626,HD,2021-03-04,256.0,256.86,247.1,250.93,7154940
627,HD,2021-03-05,252.26,254.2,246.59,253.52,6351823
628,HD,2021-03-08,254.23,263.23,252.52,259.03,5037359
629,HD,2021-03-09,262.73,267.5685,261.79,264.96,6625292
630,HD,2021-03-10,265.92,268.75,264.08,266.24,3798409
631,HD,2021-03-11,268.6,270.78,267.2,268.85,4371269
632,HD,2021-03-12,267.45,273.81,266.76,273.1,4190460
633,HD,2021-03-15,274.5,279.6527,274.34,278.54,4356177
634,HD,2021-03-16,278.54,282.52,277.65,282.08,4458875
635,HD,2021-03-17,281.14,283.88,279.25,280.03,5908380
636,HD,2021-03-18,279.03,285.47,277.7601,283.16,4808075
637,HD,2021-03-19,283.64,289.1,282.43,289.1,13729246
638,HD,2021-03-22,286.5,290.33,284.2,288.94,5564677
639,HD,2021-03-23,289.61,293.427,288.94,289.98,4801240
640,HD,2021-03-24,289.26,296.779,288.99,292.75,4841970
641,HD,2021-03-25,293.03,297.8787,292.455,297.18,5373520
642,HD,2021-03-26,297.34,304.0,296.03,303.81,5865920
643,HD,2021-03-29,303.3,305.55,299.93,302.2,4642897
644,HD,2021-03-30,301.65,305.68,300.035,304.82,5045414
645,HD,2021-03-31,305.5,308.02,304.14,305.25,4744061
646,HD,2021-04-01,306.88,308.55,303.89,307.75,3923902
647,HD,2021-04-05,309.84,315.85,309.74,315.4,4697182
648,HD,2021-04-06,313.61,315.94,313.13,313.78,3988628
649,HD,2021-04-07,312.84,315.14,310.93,312.47,3799321
650,HD,2021-04-08,312.7,315.2499,310.59,314.43,4035628
651,HD,2021-04-09,315.37,319.32,314.75,319.23,4607758
652,HD,2021-04-12,317.72,321.31,317.31,320.79,3556832
653,HD,2021-04-13,320.53,320.9,317.0,320.4,3635055
654,HD,2021-04-14,319.71,322.7,319.29,320.02,3440628
655,HD,2021-04-15,320.21,323.4,320.05,322.74,3508216
656,HD,2021-04-16,324.84,328.67,323.935,328.08,6213121
657,HD,2021-04-19,326.49,328.83,325.44,326.85,4494282
658,HD,2021-04-20,326.0,327.69,322.16,323.96,4462880
659,HD,2021-04-21,324.96,327.91,323.885,325.95,3740101
660,HD,2021-04-22,326.2,326.43,318.84,321.46,4874998
661,HD,2021-04-23,322.19,325.53,319.5754,323.89,3407497
662,HD,2021-04-26,323.68,324.0,319.315,319.99,2848501
663,HD,2021-04-27,320.5,322.4688,320.38,320.59,3335793
664,HD,2021-04-28,321.95,322.96,319.3,319.71,2713438
665,HD,2021-04-29,321.71,325.79,321.08,325.34,3261852
666,HD,2021-04-30,325.05,325.835,321.61,323.67,3118747
667,HD,2021-05-03,326.28,331.62,325.68,330.27,3683678
668,HD,2021-05-04,329.12,333.23,328.88,332.77,3954400
669,HD,2021-05-05,334.25,334.25,331.16,332.05,3227200
670,HD,2021-05-06,333.67,337.81,333.23,337.58,3539581
671,HD,2021-05-07,336.68,339.81,335.53,339.25,2998274
672,HD,2021-05-10,340.45,345.69,339.54,341.12,4840551
673,HD,2021-05-11,337.55,338.0,328.21,330.66,5500874
674,HD,2021-05-12,326.52,328.8,316.27,317.0,5821980
675,HD,2021-05-13,319.0,327.415,318.69,325.42,5161694
676,HD,2021-05-14,326.29,327.32,321.86,323.63,3997955
677,HD,2021-05-17,321.0,322.83,315.31,320.01,4388032
678,HD,2021-05-18,320.0,324.555,314.7783,316.75,7010318
679,HD,2021-05-19,312.0,314.75,309.066,314.45,5242148
680,HD,2021-05-20,314.89,319.71,314.89,315.9,3854700
681,HD,2021-05-21,317.0,319.2837,314.45,315.77,3920594
682,HD,2021-05-24,316.84,318.74,314.59,314.84,2930620
683,HD,2021-05-25,315.53,317.1,314.2474,316.75,3523348
684,HD,2021-05-26,317.81,321.375,316.68,317.33,2881591
685,HD,2021-05-27,317.3,320.41,317.3,318.77,3734767
686,HD,2021-05-28,320.37,321.51,318.85,318.91,3197218
687,HD,2021-06-01,320.66,321.255,315.17,316.31,3549754
688,HD,2021-06-02,315.48,316.98,312.41,313.23,3380075
689,HD,2021-06-03,311.0,312.925,309.69,311.43,2652535
690,HD,2021-06-04,312.11,313.45,309.35,311.01,2638681
691,HD,2021-06-07,311.12,312.33,307.88,309.96,3974785
692,HD,2021-06-08,311.27,312.29,308.98,310.9,2913774
693,HD,2021-06-09,311.45,312.98,306.9,307.34,3603743
694,HD,2021-06-10,307.65,309.65,306.14,308.31,3286333
695,HD,2021-06-11,309.27,311.24,308.35,310.77,2785057
696,HD,2021-06-14,308.93,310.06,306.22,309.32,3393468
697,HD,2021-06-15,308.75,308.95,303.485,306.45,5270587
698,HD,2021-06-16,306.69,307.35,301.17,302.78,4405766
699,HD,2021-06-17,303.05,305.2101,300.03,303.12,4481070
700,HD,2021-06-18,299.25,303.83,298.4,302.61,8792671
701,HD,2021-06-21,305.25,308.7194,304.87,307.6,3774182
702,HD,2021-06-22,309.13,314.91,308.295,312.71,4418668
703,HD,2021-06-23,312.02,313.6599,310.632,311.67,2564520
704,HD,2021-06-24,313.12,314.8355,311.67,311.84,2649191
705,HD,2021-06-25,312.24,315.46,311.5501,313.63,11733470
706,HD,2021-06-28,313.66,315.27,311.3694,314.28,2635733
707,HD,2021-06-29,315.788,320.299,315.56,318.24,3150142
708,HD,2021-06-30,317.94,320.285,317.69,318.89,3061522
709,HD,2021-07-01,319.91,321.69,318.5001,321.54,2578049
710,HD,2021-07-02,322.53,323.12,321.35,322.7,2201785
711,HD,2021-07-06,322.83,323.83,316.8,319.26,3109525
712,HD,2021-07-07,318.49,324.4199,318.25,323.48,2939948
713,HD,2021-07-08,319.07,320.33,314.8,318.54,3663159
714,HD,2021-07-09,320.54,323.31,320.18,322.09,2587371
715,HD,2021-07-12,321.07,324.0,320.53,321.74,2521771
716,HD,2021-07-13,322.44,323.29,316.83,317.05,3213818
717,HD,2021-07-14,318.75,320.06,318.0101,319.22,3381563
718,HD,2021-07-15,317.38,322.96,317.3635,322.71,2603905
719,HD,2021-07-16,324.0,326.28,321.4,321.54,3623944
720,HD,2021-07-19,317.99,319.0,314.91,318.87,3752924
721,HD,2021-07-20,318.5,326.13,318.27,325.35,4251678
722,HD,2021-07-21,327.6,328.47,324.97,326.36,2832573
723,HD,2021-07-22,327.94,327.97,325.33,326.66,2208229
724,HD,2021-07-23,329.47,333.45,327.94,332.84,2786373
725,HD,2021-07-26,330.07,331.56,326.88,331.18,2752275
726,HD,2021-07-27,331.79,331.88,326.06,327.26,2910260
727,HD,2021-07-28,326.42,329.33,324.71,325.52,2376160
728,HD,2021-07-29,326.49,328.56,325.44,327.43,2164580
729,HD,2021-07-30,326.85,330.11,326.34,328.19,2381388
730,HD,2021-08-02,330.0,330.0,326.42,327.22,2016388
731,HD,2021-08-03,328.35,333.0145,328.03,331.94,2405883
732,HD,2021-08-04,330.69,331.92,329.39,330.31,1783670
733,HD,2021-08-05,331.96,336.0,331.09,333.11,2284098
734,HD,2021-08-06,334.69,335.71,329.1231,329.84,2656872
735,HD,2021-08-09,329.23,331.07,327.3201,328.76,1995337
736,HD,2021-08-10,328.67,333.24,327.146,331.48,1868143
737,HD,2021-08-11,333.8,338.55,333.4,337.0,3258579
738,HD,2021-08-12,337.35,338.17,332.28,334.02,2554783
739,HD,2021-08-13,333.86,335.8,330.98,331.32,2200098
740,HD,2021-08-16,330.71,335.63,327.97,335.05,3501342
741,HD,2021-08-17,321.0,323.59,316.61,320.75,9322822
742,HD,2021-08-18,319.34,327.86,319.0,321.55,4880638
743,HD,2021-08-19,318.79,325.19,317.8,322.9,2974734
744,HD,2021-08-20,322.64,329.68,322.47,329.24,2929948
745,HD,2021-08-23,330.0,330.53,327.38,327.74,2792663
746,HD,2021-08-24,328.76,328.84,324.51,324.9,2359831
747,HD,2021-08-25,324.15,326.56,323.11,323.88,2587070
748,HD,2021-08-26,323.208,324.99,321.0,321.48,2952338
749,HD,2021-08-27,320.88,324.05,319.647,323.38,2985438
750,HD,2021-08-30,325.91,329.5012,325.21,327.1,2926865
751,HD,2021-08-31,327.0,328.2721,323.62,326.18,4183144
752,HD,2021-09-01,325.56,325.78,320.28,323.64,3339053
753,HD,2021-09-02,325.03,328.18,323.7,327.74,3111117
754,HD,2021-09-03,325.33,330.9,325.16,330.34,2775245
755,HD,2021-09-07,331.03,332.56,326.9,328.95,2555840
756,HD,2021-09-08,328.95,331.93,327.63,331.58,2219483
757,HD,2021-09-09,332.45,333.7286,330.87,331.77,3012064
758,HD,2021-09-10,334.0,335.23,331.45,331.95,3178640
759,HD,2021-09-13,334.95,337.15,332.75,335.45,3908660
760,HD,2021-09-14,336.03,337.4899,332.4183,333.12,2857182
761,HD,2021-09-15,333.36,334.67,330.1,333.37,2875484
762,HD,2021-09-16,334.72,337.84,334.17,336.39,3043946
763,HD,2021-09-17,334.95,339.645,334.95,335.67,7103090
764,HD,2021-09-20,331.83,335.39,328.4301,331.21,4036622
765,HD,2021-09-21,333.03,336.9676,332.0001,334.22,3171072
766,HD,2021-09-22,335.85,339.0,333.4596,335.93,2873107
767,HD,2021-09-23,337.84,339.52,335.6,335.91,2426771
768,HD,2021-09-24,336.78,337.84,335.55,337.49,2005153
769,HD,2021-09-27,336.87,343.74,336.87,341.41,2966325
770,HD,2021-09-28,341.37,341.37,332.46,333.8,3304063
771,HD,2021-09-29,333.36,338.88,333.36,336.93,2424024
772,HD,2021-09-30,338.24,338.71,327.628,328.26,4255516
773,HD,2021-10-01,328.15,332.73,324.575,329.86,2814197
774,HD,2021-10-04,328.5,330.61,324.16,326.47,2919900
775,HD,2021-10-05,326.9,332.19,326.3269,329.48,2514633
776,HD,2021-10-06,328.16,330.65,325.4,330.36,2226755
777,HD,2021-10-07,333.5,339.22,332.86,337.48,2789455
778,HD,2021-10-08,333.0,335.405,330.88,334.34,2912407
779,HD,2021-10-11,335.6,340.855,334.6,336.97,2589300
780,HD,2021-10-12,339.14,341.05,337.4,337.8,2960592
781,HD,2021-10-13,337.32,340.24,336.55,338.28,2477742
782,HD,2021-10-14,340.53,344.37,340.1,344.05,2825549
783,HD,2021-10-15,346.54,350.9527,345.75,350.41,3473488
784,HD,2021-10-18,349.0,355.95,349.0,355.01,3487794
785,HD,2021-10-19,356.94,358.09,354.42,357.99,2375643
786,HD,2021-10-20,357.74,359.57,356.21,358.23,2574822
787,HD,2021-10-21,358.2,364.85,358.12,364.62,2885381
788,HD,2021-10-22,365.0,367.03,362.15,365.99,2734712
789,HD,2021-10-25,367.2,371.66,365.99,371.26,2923355
790,HD,2021-10-26,373.39,374.05,369.08,369.2,2989456
791,HD,2021-10-27,369.87,375.15,369.3082,372.32,2840530
792,HD,2021-10-28,373.0,373.94,370.89,371.57,2553451
793,HD,2021-10-29,370.33,375.15,370.03,371.74,3820193
794,HD,2021-11-01,373.0,373.57,364.7,366.48,3342556
795,HD,2021-11-02,366.2,368.89,364.94,367.29,2353321
796,HD,2021-11-03,366.63,369.36,365.25,368.97,2378916
797,HD,2021-11-04,370.78,373.23,369.41,372.18,3210297
798,HD,2021-11-05,373.81,374.41,367.57,368.4,3090203
799,HD,2021-11-08,370.22,372.91,367.85,368.59,2357162
800,HD,2021-11-09,369.67,373.88,368.705,370.65,2178909
801,HD,2021-11-10,368.25,371.21,367.72,368.58,2161363
802,HD,2021-11-11,371.0,372.0,365.83,367.63,2387327
803,HD,2021-11-12,369.12,373.5,366.7,372.63,2736937
804,HD,2021-11-15,374.39,374.87,369.29,371.08,3650647
805,HD,2021-11-16,382.0,394.38,379.0,392.33,8648192
806,HD,2021-11-17,392.83,399.43,390.81,394.85,4647042
807,HD,2021-11-18,398.0,406.5378,396.09,405.85,4504774
808,HD,2021-11-19,407.63,410.1,404.1101,408.69,3541964
809,HD,2021-11-22,409.8,416.56,408.7,408.79,4008859
810,HD,2021-11-23,405.67,409.68,403.01,408.37,3557468
811,HD,2021-11-24,403.66,412.75,402.88,412.11,2676339
812,HD,2021-11-26,407.26,414.14,402.25,402.7,3007785
813,HD,2021-11-29,406.9,410.805,406.04,406.82,3725493
814,HD,2021-11-30,403.59,408.425,400.25,400.61,7773528
815,HD,2021-12-01,402.08,410.25,400.22,400.42,3519344
816,HD,2021-12-02,401.81,410.7,401.0,407.77,3705017
817,HD,2021-12-03,409.85,415.93,404.45,407.81,5237476
818,HD,2021-12-06,413.52,420.61,411.22,415.7,4624477
819,HD,2021-12-07,417.0,418.56,413.02,416.18,4204474
820,HD,2021-12-08,416.18,419.85,408.28,411.25,4079365
821,HD,2021-12-09,410.8,415.25,408.285,411.34,3822865
822,HD,2021-12-10,412.19,415.61,410.255,415.4,2625183
823,HD,2021-12-13,415.4,416.5,404.51,405.24,3766397
824,HD,2021-12-14,403.45,405.68,398.08,402.2,4663013
825,HD,2021-12-15,400.62,407.93,399.39,407.81,4421435
826,HD,2021-12-16,408.4,408.87,398.12,399.53,4632837
827,HD,2021-12-17,396.97,397.975,387.42,387.98,11106727
828,HD,2021-12-20,384.29,390.17,380.9,389.4,4294757
829,HD,2021-12-21,391.63,393.76,383.24,390.47,3038158
830,HD,2021-12-22,391.0,395.77,388.8567,395.64,3267847
831,HD,2021-12-23,398.29,399.84,394.6201,397.07,2743898
832,HD,2021-12-27,399.04,404.45,398.21,404.09,2230555
833,HD,2021-12-28,404.99,407.02,403.0,406.22,2522529
834,HD,2021-12-29,406.38,412.37,406.31,410.84,2209598
835,HD,2021-12-30,411.85,413.44,408.4,409.94,1804380
836,HD,2021-12-31,409.99,416.53,409.885,415.01,2335033
837,HD,2022-01-03,416.57,417.8446,403.26,408.64,3721342
838,HD,2022-01-04,408.64,413.61,408.19,412.84,3266516
839,HD,2022-01-05,414.0,414.22,406.81,407.24,4443198
840,HD,2022-01-06,408.56,409.07,403.02,405.76,3315099
841,HD,2022-01-07,403.36,404.09,392.88,393.61,4520671
842,HD,2022-01-10,387.4,387.59,380.91,387.46,6439979
843,HD,2022-01-11,388.07,391.84,384.32,386.67,4365770
844,HD,2022-01-12,388.29,393.45,386.38,389.4,3623271
845,HD,2022-01-13,392.51,394.31,385.86,386.98,3466279
846,HD,2022-01-14,381.33,382.0077,371.5,372.0,6336236
847,HD,2022-01-18,366.1,368.0894,360.03,366.72,6282705
848,HD,2022-01-19,367.18,368.7,359.41,359.69,5150345
849,HD,2022-01-20,361.33,361.85,349.02,349.58,5440597
850,HD,2022-01-21,351.72,360.09,347.18,349.1,7718435
851,HD,2022-01-24,343.78,364.38,343.61,363.81,8595587
852,HD,2022-01-25,358.14,361.52,352.19,358.98,5536718
853,HD,2022-01-26,360.0,365.8972,354.45,357.28,6103290
854,HD,2022-01-27,360.43,364.12,353.9061,356.43,3944004
855,HD,2022-01-28,360.17,366.72,352.84,366.54,4551332
856,HD,2022-01-31,364.81,367.41,362.205,366.98,4084565
857,HD,2022-02-01,369.47,370.6875,362.37,368.7,3406831
858,HD,2022-02-02,368.38,374.67,367.763,373.73,3839251
859,HD,2022-02-03,370.19,372.12,363.2,364.81,4009701
860,HD,2022-02-04,363.5,364.67,354.25,359.67,3728123
861,HD,2022-02-07,360.26,361.8,355.44,357.35,2809304
862,HD,2022-02-08,357.35,362.98,354.7998,361.44,3225146
863,HD,2022-02-09,365.31,367.4574,363.0001,364.37,2777544
864,HD,2022-02-10,358.84,363.0,352.87,355.09,4291847
865,HD,2022-02-11,354.69,357.34,348.5636,350.29,3308671
866,HD,2022-02-14,348.0,352.91,346.83,351.56,3654274
867,HD,2022-02-15,355.56,357.42,351.38,353.26,3552864
868,HD,2022-02-16,351.5,352.86,345.72,350.09,3594853
869,HD,2022-02-17,348.99,352.31,347.39,347.94,3926974
870,HD,2022-02-18,348.39,350.6,344.1,346.87,5526133
871,HD,2022-02-22,335.09,336.69,312.35,316.17,19659432
872,HD,2022-02-23,319.32,320.4,307.1,308.45,11026044
873,HD,2022-02-24,300.0,313.4393,299.29,313.24,8416724
874,HD,2022-02-25,313.18,317.4445,307.565,316.65,6510600
875,HD,2022-02-28,312.97,316.0799,310.475,315.83,5735147
876,HD,2022-03-01,314.59,322.43,313.755,320.25,5640906
877,HD,2022-03-02,321.06,331.19,319.68,327.37,5645611
878,HD,2022-03-03,329.19,330.68,322.835,324.36,3858439
879,HD,2022-03-04,322.21,326.66,319.51,324.26,3631653
880,HD,2022-03-07,324.26,329.6,320.11,322.77,4669950
881,HD,2022-03-08,319.75,328.49,315.95,316.74,5092527
882,HD,2022-03-09,320.0,322.46,316.92,317.2,4443609
883,HD,2022-03-10,314.36,318.26,308.7507,317.94,3895211
884,HD,2022-03-11,319.28,321.794,316.23,316.79,2973298
885,HD,2022-03-14,322.91,324.0,316.21,318.36,3604268
886,HD,2022-03-15,320.35,330.18,320.33,328.54,3775297
887,HD,2022-03-16,331.58,333.95,324.23,330.91,3942427
888,HD,2022-03-17,329.14,336.36,327.84,336.36,3123210
889,HD,2022-03-18,333.63,340.74,332.305,340.74,9304529
890,HD,2022-03-21,338.04,340.69,327.08,329.37,4500736
891,HD,2022-03-22,329.32,331.3,324.01,329.73,4773833
892,HD,2022-03-23,326.9,328.19,315.85,317.05,5207746
893,HD,2022-03-24,317.15,319.4,314.3,315.78,4599930
894,HD,2022-03-25,318.48,318.8,308.3,310.68,5125131
895,HD,2022-03-28,311.0,314.35,309.23,314.28,3936640
896,HD,2022-03-29,316.91,321.0,312.915,317.71,5306131
897,HD,2022-03-30,313.11,315.24,306.1,308.46,7223830
898,HD,2022-03-31,306.21,307.96,298.89,299.33,11044642
899,HD,2022-04-01,300.5,303.37,298.9,301.89,5554611
900,HD,2022-04-04,301.49,306.48,299.57,305.58,4665847
901,HD,2022-04-05,306.26,309.1,302.21,304.86,4342719
902,HD,2022-04-06,298.09,300.66,294.99,298.54,6499947
903,HD,2022-04-07,296.79,304.59,293.5901,302.75,5241024
904,HD,2022-04-08,301.46,312.29,301.28,311.11,5741921
905,HD,2022-04-11,307.81,314.17,305.93,306.72,4100561
906,HD,2022-04-12,309.44,313.285,305.1,306.29,4122551
907,HD,2022-04-13,306.11,311.7,305.72,310.42,3185296
908,HD,2022-04-14,310.83,312.25,304.33,304.52,4569196
909,HD,2022-04-18,303.0,306.29,298.72,300.21,3192413
910,HD,2022-04-19,300.61,308.13,299.81,307.8,3389701
911,HD,2022-04-20,311.0,316.1,309.75,315.14,4652225
912,HD,2022-04-21,317.0,318.4,309.74,310.36,3014188
913,HD,2022-04-22,309.82,309.82,299.78,300.11,4043169
914,HD,2022-04-25,300.0,305.16,296.27,304.94,4396905
915,HD,2022-04-26,302.25,307.56,299.72,299.96,3379693
916,HD,2022-04-27,301.3,306.42,299.12,301.6,3446242
917,HD,2022-04-28,304.75,314.535,303.01,311.76,4151717
918,HD,2022-04-29,308.15,311.72,299.71,300.4,4878169
919,HD,2022-05-02,301.99,308.79,299.91,306.97,4233870
920,HD,2022-05-03,305.69,309.0,303.02,304.96,3336636
921,HD,2022-05-04,304.08,315.75,302.93,315.31,3998435
922,HD,2022-05-05,311.0,311.36,293.71,299.11,4959610
923,HD,2022-05-06,296.3,296.75,289.41,294.31,4325343
924,HD,2022-05-09,290.28,300.74,288.5,297.03,5243628
925,HD,2022-05-10,298.46,301.07,287.664,291.16,4392900
926,HD,2022-05-11,291.45,293.33,282.57,282.96,3880469
927,HD,2022-05-12,281.57,293.1806,280.63,289.69,4447676
928,HD,2022-05-13,289.95,299.415,288.45,296.03,3949134
929,HD,2022-05-16,294.08,299.57,289.79,295.99,4267850
930,HD,2022-05-17,306.5,310.94,290.9,300.95,12425881
931,HD,2022-05-18,293.0,295.44,281.1801,285.18,7799541
932,HD,2022-05-19,285.5,292.5,284.96,287.76,5211530
933,HD,2022-05-20,289.82,290.5,279.59,287.19,5621770
934,HD,2022-05-23,289.09,290.34,280.32,286.03,4305632
935,HD,2022-05-24,284.0,289.32,280.65,287.92,4241931
936,HD,2022-05-25,285.81,295.49,285.66,293.57,4612940
937,HD,2022-05-26,297.32,305.63,297.0,302.81,4170801
938,HD,2022-05-27,303.54,308.5,301.6032,308.46,3899284
939,HD,2022-05-31,306.6,307.8659,300.83,302.75,5966574
940,HD,2022-06-01,301.74,302.98,297.03,297.19,3080760
941,HD,2022-06-02,298.81,306.03,295.8933,305.87,4086408
942,HD,2022-06-03,303.33,308.46,301.9,305.08,2956559
943,HD,2022-06-06,305.56,307.613,303.25,303.89,2562003
944,HD,2022-06-07,295.06,302.38,292.6,301.77,3547797
945,HD,2022-06-08,299.78,300.58,295.6823,297.53,3003115
946,HD,2022-06-09,297.76,306.88,297.35,299.86,4170367
947,HD,2022-06-10,291.5,296.5,288.64,289.24,4625619
948,HD,2022-06-13,284.36,286.82,281.2801,283.16,4704607
949,HD,2022-06-14,283.21,286.3803,276.59,278.67,3986997
950,HD,2022-06-15,281.0,283.59,275.47,279.73,4050378
951,HD,2022-06-16,274.92,276.1084,269.73,273.46,6181025
952,HD,2022-06-17,271.0,276.62,270.39,270.73,10775633
953,HD,2022-06-21,273.69,273.92,267.42,269.2,5498444
954,HD,2022-06-22,266.39,271.77,264.51,268.98,4679513
955,HD,2022-06-23,270.0,275.59,269.89,275.42,3747525
956,HD,2022-06-24,277.47,283.46,273.92,283.0,10310737
957,HD,2022-06-27,284.46,285.0,281.49,282.69,2538618
958,HD,2022-06-28,283.78,285.6,269.82,270.15,4068691
959,HD,2022-06-29,271.58,276.16,268.805,273.87,2460462
960,HD,2022-06-30,270.73,277.04,268.04,274.27,4057969
961,HD,2022-07-01,275.73,280.75,274.55,279.08,2818310
962,HD,2022-07-05,275.5,283.73,275.03,283.73,3241987
963,HD,2022-07-06,284.99,285.9212,280.52,283.58,2206112
964,HD,2022-07-07,282.84,286.97,281.45,286.69,3133933
965,HD,2022-07-08,285.99,287.99,283.91,286.47,1890962
966,HD,2022-07-11,285.18,289.59,285.14,286.39,2453278
967,HD,2022-07-12,288.97,293.6423,283.4101,285.12,2696086
968,HD,2022-07-13,281.63,289.79,279.76,287.18,2941558
969,HD,2022-07-14,281.85,290.29,281.65,289.48,2822219
970,HD,2022-07-15,294.81,295.4522,290.95,292.41,2647191
971,HD,2022-07-18,297.25,298.49,292.0,293.05,2664016
972,HD,2022-07-19,295.44,300.01,293.3101,299.83,2614945
973,HD,2022-07-20,300.93,303.69,298.28,302.3,2533412
974,HD,2022-07-21,302.85,305.25,298.87,305.0,1965036
975,HD,2022-07-22,307.66,310.67,304.3609,306.59,2391540
976,HD,2022-07-25,306.8,307.4299,303.83,306.15,1910480
977,HD,2022-07-26,297.0,300.635,295.91,298.18,2690206
978,HD,2022-07-27,298.21,300.31,291.79,298.91,3219621
979,HD,2022-07-28,295.0,301.24,293.165,299.63,3992053
980,HD,2022-07-29,300.0,301.435,297.43,300.94,3236036
981,HD,2022-08-01,300.64,308.45,300.01,305.82,3303894
982,HD,2022-08-02,305.4,305.61,300.01,300.71,3091035
983,HD,2022-08-03,303.35,308.07,300.34,306.37,3329353
984,HD,2022-08-04,304.54,309.97,304.44,307.17,2718383
985,HD,2022-08-05,305.38,309.78,304.495,309.69,2029298
986,HD,2022-08-08,311.86,315.8,310.44,311.97,2505344
987,HD,2022-08-09,308.89,309.959,303.31,305.21,2607007
988,HD,2022-08-10,309.5,312.98,309.05,311.58,3863371
989,HD,2022-08-11,313.84,314.62,309.58,310.69,2444200
990,HD,2022-08-12,312.61,314.93,310.18,314.89,2273796
991,HD,2022-08-15,312.04,315.76,310.15,314.61,3917318
992,HD,2022-08-16,312.98,332.98,312.88,327.38,10089762
993,HD,2022-08-17,328.09,329.5,324.07,325.76,3162612
994,HD,2022-08-18,324.96,327.9399,322.22,325.21,2899614
995,HD,2022-08-19,324.97,326.32,319.775,321.32,3489092
996,HD,2022-08-22,318.09,319.74,311.71,312.21,3144240
997,HD,2022-08-23,311.21,311.515,305.64,306.9,3317535
998,HD,2022-08-24,305.05,309.98,303.55,308.11,2495587
999,HD,2022-08-25,308.64,309.96,305.83,309.78,2529669
1000,HD,2022-08-26,310.3,311.505,298.02,298.1,3315542
1001,HD,2022-08-29,296.57,299.71,294.29,296.32,2708363
1002,HD,2022-08-30,298.56,299.9,291.67,293.1,2892427
1003,HD,2022-08-31,292.01,292.468,288.28,288.42,4376169
1004,HD,2022-09-01,288.4,293.58,286.72,293.37,3742451
1005,HD,2022-09-02,296.11,296.8,290.1217,291.9,2753601
1006,HD,2022-09-06,293.22,294.5,287.26,289.54,4108586
1007,HD,2022-09-07,290.44,297.7,290.3,297.47,3016015
1008,HD,2022-09-08,296.0,300.1899,294.54,299.9,2703239
1009,HD,2022-09-09,299.48,302.49,298.33,299.77,2769929
1010,HD,2022-09-12,300.8,302.83,296.35,297.54,3632935
1011,HD,2022-09-13,292.01,294.08,277.32,277.93,4797246
1012,HD,2022-09-14,279.4,279.54,273.17,276.34,4194435
1013,HD,2022-09-15,277.89,278.01,270.54,271.54,3896084
1014,HD,2022-09-16,269.05,276.56,268.9,275.97,9535105
1015,HD,2022-09-19,273.58,281.23,273.51,280.42,3047191
1016,HD,2022-09-20,276.88,278.78,271.37,274.17,2940742
1017,HD,2022-09-21,276.0,280.13,271.51,271.57,3173521
1018,HD,2022-09-22,271.22,271.22,267.85,269.14,3503062
1019,HD,2022-09-23,267.89,271.3,266.32,270.94,3527874
1020,HD,2022-09-26,271.43,273.555,265.61,266.58,4181825
1021,HD,2022-09-27,269.36,273.69,266.98,268.69,3701021
1022,HD,2022-09-28,275.22,283.4998,272.71,282.19,5816583
1023,HD,2022-09-29,278.51,278.76,274.7342,278.33,4518628
1024,HD,2022-09-30,277.82,281.785,274.76,275.94,4789087
1025,HD,2022-10-03,281.0,286.06,279.55,283.7,3579971
1026,HD,2022-10-04,287.5,291.31,286.56,289.56,3641251
1027,HD,2022-10-05,286.25,292.11,285.37,289.85,2728022
1028,HD,2022-10-06,289.56,292.97,287.775,290.39,2641641
1029,HD,2022-10-07,287.53,288.63,282.42,284.32,2405956
1030,HD,2022-10-10,283.56,284.86,280.22,282.46,2115429
1031,HD,2022-10-11,281.1,286.2,280.9,282.89,2771941
1032,HD,2022-10-12,284.42,284.6425,280.49,280.52,2258401
1033,HD,2022-10-13,274.66,284.83,268.7321,282.83,3881627
1034,HD,2022-10-14,286.64,286.64,275.95,276.43,2783361
1035,HD,2022-10-17,279.6,283.87,279.34,281.26,3426680
1036,HD,2022-10-18,287.95,289.86,283.23,285.06,3166524
1037,HD,2022-10-19,282.47,282.765,273.02,275.49,4322993
1038,HD,2022-10-20,274.94,278.0,267.865,269.46,3959531
1039,HD,2022-10-21,268.34,275.71,268.0,275.53,3429101
1040,HD,2022-10-24,276.97,284.47,276.97,283.26,2937117
1041,HD,2022-10-25,285.51,292.1339,285.51,290.26,2791642
1042,HD,2022-10-26,290.6,291.8699,286.168,290.15,2615341
1043,HD,2022-10-27,291.85,294.27,289.45,291.06,3041731
1044,HD,2022-10-28,290.0,299.16,290.0,298.65,3243147
1045,HD,2022-10-31,294.41,299.28,292.55,296.13,4211031
1046,HD,2022-11-01,300.37,302.21,293.35,296.06,3309326
1047,HD,2022-11-02,295.2,300.165,288.52,288.73,4427211
1048,HD,2022-11-03,283.57,285.95,280.5115,281.5,4823867
1049,HD,2022-11-04,285.89,288.838,277.5,284.03,4399410
1050,HD,2022-11-07,286.5,291.6999,282.84,290.27,3260152
1051,HD,2022-11-08,292.43,293.34,287.6332,291.14,3371826
1052,HD,2022-11-09,289.0,292.5,286.26,286.75,3071380
1053,HD,2022-11-10,297.74,314.74,297.08,311.7,7793983
1054,HD,2022-11-11,312.0,317.68,310.24,314.94,4945385
1055,HD,2022-11-14,314.36,315.98,306.34,306.92,6394785
1056,HD,2022-11-15,304.06,316.63,303.25,311.93,9290361
1057,HD,2022-11-16,305.86,316.41,304.51,314.91,5249549
1058,HD,2022-11-17,312.0,313.68,306.15,311.44,3643182
1059,HD,2022-11-18,314.14,316.0,310.26,313.18,3559301
1060,HD,2022-11-21,316.96,318.84,314.2,316.78,4068957
1061,HD,2022-11-22,320.0,326.82,319.38,324.88,6054740
1062,HD,2022-11-23,326.76,327.82,320.44,321.51,4243427
1063,HD,2022-11-25,322.89,329.075,321.9,326.38,3393533
1064,HD,2022-11-28,325.06,328.8,317.846,318.92,4735507
1065,HD,2022-11-29,316.0,320.0,315.62,315.96,3505644
1066,HD,2022-11-30,312.93,324.19,311.495,323.99,15106515
1067,HD,2022-12-01,326.31,329.67,324.44,327.07,3830118
1068,HD,2022-12-02,321.08,328.48,320.33,327.99,3644116
1069,HD,2022-12-05,325.15,325.52,319.54,320.08,5057347
1070,HD,2022-12-06,319.64,321.65,314.54,317.45,3341458
1071,HD,2022-12-07,315.96,322.877,314.44,320.15,4038175
1072,HD,2022-12-08,318.55,324.525,318.55,324.09,3483561
1073,HD,2022-12-09,321.48,324.44,319.93,320.48,3738832
1074,HD,2022-12-12,323.0,328.34,321.29,327.98,4900164
1075,HD,2022-12-13,344.35,347.25,329.96,332.89,5787668
1076,HD,2022-12-14,330.53,339.055,329.0075,333.43,4546024
1077,HD,2022-12-15,329.44,330.02,323.3705,327.6,5057631
1078,HD,2022-12-16,323.43,327.94,319.2422,323.34,9614983
1079,HD,2022-12-19,319.5,321.91,316.02,317.33,3000613
1080,HD,2022-12-20,313.32,316.887,310.83,314.84,2632300
1081,HD,2022-12-21,318.05,319.59,314.74,319.36,2610365
1082,HD,2022-12-22,316.4,316.4,310.725,316.12,3064779
1083,HD,2022-12-23,314.15,319.1,313.06,318.73,2064872
1084,HD,2022-12-27,318.41,321.547,317.51,319.55,1610418
1085,HD,2022-12-28,320.55,321.4328,315.5,315.73,1568353
1086,HD,2022-12-29,318.65,321.83,317.59,320.41,1559184
1087,HD,2022-12-30,317.49,318.17,313.0218,315.86,2581645
1088,HD,2023-01-03,317.42,319.22,311.78,315.91,2822390
1089,HD,2023-01-04,321.07,322.51,316.3753,319.73,3560934
1090,HD,2023-01-05,317.83,318.075,313.23,315.47,2935083
1091,HD,2023-01-06,316.29,318.85,309.0,317.53,4022511
1092,HD,2023-01-09,320.0,322.5499,317.06,317.81,3466267
1093,HD,2023-01-10,316.3,320.73,313.96,320.63,2111276
1094,HD,2023-01-11,322.55,329.04,322.12,329.0,2864834
1095,HD,2023-01-12,332.21,332.21,326.71,329.87,2481803
1096,HD,2023-01-13,326.49,332.3899,326.0,331.21,2798591
1097,HD,2023-01-17,330.33,335.1631,327.1,327.53,3988949
1098,HD,2023-01-18,330.0,334.52,322.93,323.69,2952202
1099,HD,2023-01-19,320.34,321.3399,310.63,310.88,5359280
1100,HD,2023-01-20,310.01,315.24,307.3901,315.0,3725066
1101,HD,2023-01-23,313.54,317.53,311.09,315.48,3237915
1102,HD,2023-01-24,314.49,318.0999,312.63,317.69,2127866
1103,HD,2023-01-25,315.33,318.12,311.55,317.26,2060388
1104,HD,2023-01-26,314.15,319.26,312.53,313.81,3555265
1105,HD,2023-01-27,312.02,318.24,311.33,316.69,2761169
1106,HD,2023-01-30,315.83,318.14,313.69,314.24,2643141
1107,HD,2023-01-31,315.99,324.35,315.095,324.17,3526837
1108,HD,2023-02-01,322.39,330.545,317.6382,328.09,3076471
1109,HD,2023-02-02,333.45,341.4691,332.69,339.79,4776634
1110,HD,2023-02-03,332.53,334.7099,330.33,331.5,3389884
1111,HD,2023-02-06,328.99,331.01,327.46,329.27,2229679
1112,HD,2023-02-07,324.0,327.0,320.72,325.2,3865481
1113,HD,2023-02-08,322.94,323.99,319.5667,320.79,2777196
1114,HD,2023-02-09,323.1,323.89,314.83,315.55,3063322
1115,HD,2023-02-10,313.85,317.2,312.7501,316.54,2768995
1116,HD,2023-02-13,317.34,323.69,315.61,323.53,2432487
1117,HD,2023-02-14,320.61,322.962,315.67,318.43,3380793
1118,HD,2023-02-15,315.88,321.5309,315.79,320.69,2585889
1119,HD,2023-02-16,315.0,323.74,314.93,321.24,3169211
1120,HD,2023-02-17,318.68,320.6,312.95,317.95,4985543
1121,HD,2023-02-21,305.55,308.01,295.026,295.5,10891773
1122,HD,2023-02-22,297.55,300.4,295.09,296.3,5922119
1123,HD,2023-02-23,296.79,299.88,294.62,299.31,4354477
1124,HD,2023-02-24,292.4,298.3282,292.001,296.66,3713328
1125,HD,2023-02-27,299.36,300.49,295.04,296.01,3238332
1126,HD,2023-02-28,295.0,298.6999,294.3135,296.54,3949457
1127,HD,2023-03-01,291.92,293.72,288.66,290.79,5905093
1128,HD,2023-03-02,288.46,294.11,287.27,293.02,4103817
1129,HD,2023-03-03,294.64,298.605,293.76,298.45,4036700
1130,HD,2023-03-06,298.0,300.11,296.98,298.21,3763206
1131,HD,2023-03-07,299.06,299.06,290.42,290.7,4512372
1132,HD,2023-03-08,289.44,292.46,288.27,291.49,4680277
1133,HD,2023-03-09,293.05,294.37,287.75,288.0,3247953
1134,HD,2023-03-10,288.56,293.16,284.1,286.31,4730932
1135,HD,2023-03-13,283.99,292.34,282.6,286.52,3892100
1136,HD,2023-03-14,289.3,289.8,281.39,285.57,5115963
1137,HD,2023-03-15,283.95,289.1599,282.67,287.97,4835545
1138,HD,2023-03-16,287.0,288.03,285.0,286.73,4400647
1139,HD,2023-03-17,287.82,291.95,286.2623,288.39,8341992
1140,HD,2023-03-20,287.43,289.825,286.61,289.26,3678030
1141,HD,2023-03-21,291.43,292.89,287.6,289.43,4788155
1142,HD,2023-03-22,290.09,291.205,282.45,282.61,3723368
1143,HD,2023-03-23,285.26,286.11,280.22,283.91,6005846
1144,HD,2023-03-24,282.56,284.93,280.83,283.02,3851349
1145,HD,2023-03-27,283.75,284.94,280.91,281.27,4269715
1146,HD,2023-03-28,280.8,283.29,279.93,280.82,3633317
1147,HD,2023-03-29,281.25,283.99,281.25,283.36,3607467
1148,HD,2023-03-30,285.36,286.095,283.8511,285.36,3432765
1149,HD,2023-03-31,286.99,295.55,286.76,295.12,5800560
1150,HD,2023-04-03,294.87,297.97,294.735,297.73,4007558
1151,HD,2023-04-04,297.5,299.8,294.395,294.96,2965903
1152,HD,2023-04-05,295.0,295.71,288.48,288.67,4002411
1153,HD,2023-04-06,287.25,289.79,284.24,288.61,3193441
1154,HD,2023-04-10,286.13,292.635,285.66,291.17,2799984
1155,HD,2023-04-11,292.69,295.1,291.76,293.77,2497125
1156,HD,2023-04-12,296.2,298.44,289.58,290.44,3341591
1157,HD,2023-04-13,290.89,292.47,286.37,292.15,3506009
1158,HD,2023-04-14,292.15,296.2,291.38,292.19,2653419
1159,HD,2023-04-17,291.7,295.5,291.55,295.4,2619984
1160,HD,2023-04-18,296.32,299.24,295.92,298.95,2847773
1161,HD,2023-04-19,296.45,298.29,295.05,296.91,2889329
1162,HD,2023-04-20,295.97,301.31,295.5,298.57,3371950
1163,HD,2023-04-21,301.62,303.2,299.35,300.04,3506816
1164,HD,2023-04-24,300.0,301.9,299.22,301.64,2515471
1165,HD,2023-04-25,301.5,302.69,296.13,296.33,4529517
1166,HD,2023-04-26,295.43,295.9699,287.08,288.07,3990016
1167,HD,2023-04-27,288.0,294.71,287.8,293.93,3133553
1168,HD,2023-04-28,293.77,300.82,293.375,300.54,4063418
1169,HD,2023-05-01,298.98,299.56,297.37,297.7,2969999
1170,HD,2023-05-02,298.44,298.67,291.045,294.28,3413376
1171,HD,2023-05-03,294.56,298.76,292.5,293.08,2743399
1172,HD,2023-05-04,292.72,294.5893,285.33,285.75,4422521
1173,HD,2023-05-05,287.17,290.87,286.1025,289.62,3806598
1174,HD,2023-05-08,289.0,289.8399,284.44,287.93,3736546
1175,HD,2023-05-09,286.17,291.06,285.76,290.58,2569969
1176,HD,2023-05-10,291.71,293.57,285.92,289.03,3571029
1177,HD,2023-05-11,288.74,289.45,285.02,287.69,3859744
1178,HD,2023-05-12,288.0,290.97,287.45,290.47,3438271
1179,HD,2023-05-15,289.92,290.92,286.94,288.54,5353632
1180,HD,2023-05-16,281.75,286.09,277.09,282.33,12365693
1181,HD,2023-05-17,282.15,294.05,281.21,292.39,7956888
1182,HD,2023-05-18,292.65,295.93,291.6,295.16,4546983
1183,HD,2023-05-19,295.76,295.76,289.95,290.88,4470591
1184,HD,2023-05-22,290.73,292.99,288.08,290.66,3736199
1185,HD,2023-05-23,289.28,297.774,289.28,294.94,5352185
1186,HD,2023-05-24,297.37,297.525,290.18,291.1,4978212
1187,HD,2023-05-25,291.79,291.79,286.06,286.75,5355858
1188,HD,2023-05-26,287.0,293.3,285.69,292.83,4626113
1189,HD,2023-05-30,293.28,294.45,288.95,292.4,5193255
1190,HD,2023-05-31,289.59,290.0,281.96,283.45,18055408
1191,HD,2023-06-01,284.05,289.22,279.98,288.39,4305103
1192,HD,2023-06-02,290.65,296.21,289.72,295.94,4515554
1193,HD,2023-06-05,295.62,295.72,291.365,293.1,3028785
1194,HD,2023-06-06,291.82,296.92,291.65,296.0,2855434
1195,HD,2023-06-07,297.31,302.2,297.105,301.7,4842660
1196,HD,2023-06-08,302.16,305.45,300.79,301.09,3758904
1197,HD,2023-06-09,300.98,301.43,296.1001,297.35,3486443
1198,HD,2023-06-12,298.4,302.61,297.65,300.86,4457363
1199,HD,2023-06-13,302.4,304.12,298.67,300.08,4043383
1200,HD,2023-06-14,300.99,302.5502,295.625,299.71,4175958
1201,HD,2023-06-15,300.84,303.43,299.5801,302.02,4109746
1202,HD,2023-06-16,304.34,305.98,300.14,300.38,10809348
1203,HD,2023-06-20,299.77,302.75,298.23,301.41,3371247
1204,HD,2023-06-21,302.87,303.5663,300.1764,300.7,2713378
1205,HD,2023-06-22,301.5,302.835,299.6,301.18,3052180
1206,HD,2023-06-23,300.32,302.315,299.1,300.81,8525877
1207,HD,2023-06-26,302.67,309.21,301.98,307.89,4440078
1208,HD,2023-06-27,308.15,315.4627,307.89,313.74,5342491
1209,HD,2023-06-28,312.0,312.9363,306.06,306.51,4025557
1210,HD,2023-06-29,306.78,308.1291,304.03,307.82,3279710
1211,HD,2023-06-30,309.58,311.43,308.3,310.64,3230714
1212,HD,2023-07-03,309.78,311.3999,308.9,310.02,1483269
1213,HD,2023-07-05,310.5,312.3,309.99,310.8,2496625
1214,HD,2023-07-06,306.84,307.98,301.54,302.02,4831220
1215,HD,2023-07-07,301.99,305.63,300.89,302.81,2951873
1216,HD,2023-07-10,303.2,310.53,303.2,310.28,3246705
1217,HD,2023-07-11,312.91,314.57,310.74,313.66,2913954
1218,HD,2023-07-12,316.31,321.26,316.01,317.52,5300724
1219,HD,2023-07-13,318.1,318.42,313.47,314.6,3235603
1220,HD,2023-07-14,314.84,316.9,314.22,316.5,2942129
1221,HD,2023-07-17,315.72,317.82,314.15,316.05,2003340
1222,HD,2023-07-18,314.53,318.32,312.1315,316.76,2316991
1223,HD,2023-07-19,317.0,319.9399,316.685,319.48,2361436
1224,HD,2023-07-20,320.34,321.45,317.88,319.09,2101940
1225,HD,2023-07-21,321.07,321.89,319.49,320.47,3673354
1226,HD,2023-07-24,320.97,325.66,320.945,325.11,2621982
1227,HD,2023-07-25,325.07,326.9,323.8324,325.13,2890828
1228,HD,2023-07-26,324.69,330.96,324.24,329.59,3448123
1229,HD,2023-07-27,331.71,333.435,328.93,329.71,2608561
1230,HD,2023-07-28,332.0,333.0,329.5,331.37,2268947
1231,HD,2023-07-31,331.65,334.07,331.48,333.84,2690587
1232,HD,2023-08-01,331.76,334.97,330.88,332.07,2547410
1233,HD,2023-08-02,330.03,332.53,327.92,328.5,2753888
1234,HD,2023-08-03,327.68,332.1,327.64,329.85,2452330
1235,HD,2023-08-04,328.16,329.5199,325.33,326.43,3591635
1236,HD,2023-08-07,327.21,329.405,326.5883,329.17,2111166
1237,HD,2023-08-08,326.58,328.525,323.39,327.81,3272766
1238,HD,2023-08-09,327.35,330.92,326.7601,328.21,2698894
1239,HD,2023-08-10,330.66,332.895,328.94,329.4,3075122
1240,HD,2023-08-11,328.52,331.59,328.35,331.11,3108422
1241,HD,2023-08-14,331.46,333.79,328.4301,329.95,3974759
1242,HD,2023-08-15,331.76,338.17,328.52,332.14,5860938
1243,HD,2023-08-16,332.62,337.81,331.68,333.03,3753910
1244,HD,2023-08-17,333.77,335.65,327.06,327.28,3885098
1245,HD,2023-08-18,325.06,328.89,324.425,327.37,3471953
1246,HD,2023-08-21,326.61,327.87,323.5,324.06,3109678
1247,HD,2023-08-22,325.27,326.31,322.03,324.48,2582234
1248,HD,2023-08-23,324.52,326.929,324.08,326.09,2728024
1249,HD,2023-08-24,325.12,329.0,322.305,322.59,2490159
1250,HD,2023-08-25,323.43,326.34,321.2,322.86,2418103
1251,HD,2023-08-28,323.2,327.44,322.87,325.91,2100114
1252,HD,2023-08-29,326.79,329.84,326.7671,329.38,2628221
1253,HD,2023-08-30,328.0,331.62,327.87,330.63,2256151
1254,HD,2023-08-31,331.2,332.5999,329.675,330.3,2914712
1255,HD,2023-09-01,332.0,333.45,331.14,333.08,2317413
1256,HD,2023-09-05,331.84,332.3,327.3674,327.78,3141630
1257,HD,2023-09-06,327.53,328.6072,325.555,326.0,3199736
1258,HD,2023-09-07,325.03,329.92,324.3,328.42,2453979
1259,HD,2023-09-08,327.5,329.49,326.68,328.71,2211132
1260,HD,2023-09-11,329.29,329.88,327.57,328.37,2087856
1261,HD,2023-09-12,326.83,328.77,325.89,326.28,2190597
1262,HD,2023-09-13,326.04,327.96,325.0,325.88,2564520
1263,HD,2023-09-14,327.39,330.3,325.27,329.63,2707576
1264,HD,2023-09-15,327.32,329.17,320.33,321.4,7117755
1265,HD,2023-09-18,320.16,321.65,316.91,317.26,2740425
1266,HD,2023-09-19,315.95,316.9325,312.34,314.61,2776594
1267,HD,2023-09-20,315.0,316.35,310.8,310.86,2320403
1268,HD,2023-09-21,309.4,310.225,306.355,306.76,2767805
1269,HD,2023-09-22,306.16,307.65,305.46,305.73,2289219
1270,HD,2023-09-25,304.51,307.29,304.51,306.49,1882366
1271,HD,2023-09-26,304.52,305.81,301.63,302.54,2655576
1272,HD,2023-09-27,303.0,304.22,299.9,301.82,2513914
1273,HD,2023-09-28,301.67,304.8722,300.75,303.49,2369593
1274,HD,2023-09-29,304.95,305.67,299.82,302.16,3502578
1275,HD,2023-10-02,300.52,303.45,298.46,299.83,2807021
1276,HD,2023-10-03,297.91,298.2952,290.0717,291.94,3609222
1277,HD,2023-10-04,293.36,294.21,290.36,292.39,2956313
1278,HD,2023-10-05,292.0,292.67,290.235,291.7,2469265
1279,HD,2023-10-06,290.76,294.535,287.39,292.82,2922456
1280,HD,2023-10-09,290.3,295.53,289.68,295.36,1930103
1281,HD,2023-10-10,296.69,300.67,295.1701,299.22,3116433
1282,HD,2023-10-11,299.74,300.85,295.9,298.05,2292761
1283,HD,2023-10-12,297.7,297.7,290.77,293.02,2546429
1284,HD,2023-10-13,292.94,294.7263,290.89,291.92,2092894
1285,HD,2023-10-16,294.43,298.37,293.5801,297.33,2567037
1286,HD,2023-10-17,296.69,298.36,294.5,295.94,2139844
1287,HD,2023-10-18,293.0,293.3299,289.585,290.24,2720098
